sample_id,risk_score,threat_level
15219065,0.9060502639438156,High
18654881,0.9060502639438156,High
9823509,0.9060502639438156,High
24081647,0.9060502639438156,High
27928616,0.9060502639438156,High
8858847,0.9060502639438156,High
17035500,0.9060502639438156,High
1458187,0.9060502639438156,High
13615874,0.9060502639438156,High
19493796,0.9060502639438156,High
22806433,0.9060502639438156,High
4007602,0.9060502639438156,High
12859184,0.9060502639438156,High
27016941,0.9060502639438156,High
3856198,0.9060502639438156,High
30425934,0.9060502639438156,High
17647131,0.9060502639438156,High
3882933,0.9060502639438156,High
20634296,0.9060502639438156,High
16401399,0.9060502639438156,High
14372470,0.9060502639438156,High
15710079,0.9060502639438156,High
22462118,0.9060502639438156,High
8518664,0.9060502639438156,High
7731735,0.9060502639438156,High
11206084,0.9060502639438156,High
4200749,0.9060502639438156,High
31927141,0.9060502639438156,High
8365864,0.9060502639438156,High
22645376,0.9060502639438156,High
11770445,0.9060502639438156,High
1286668,0.9060502639438156,High
28871269,0.9060502639438156,High
3757779,0.9060502639438156,High
18381776,0.9060502639438156,High
4358101,0.9060502639438156,High
19249735,0.9060502639438156,High
15024293,0.9060502639438156,High
31469889,0.9060502639438156,High
736815,0.9060502639438156,High
11495891,0.9060502639438156,High
8837898,0.9060502639438156,High
15596431,0.9060502639438156,High
31868100,0.9060502639438156,High
2324571,0.9060502639438156,High
12442298,0.9060502639438156,High
8240518,0.9060502639438156,High
17020684,0.9060502639438156,High
14521096,0.9060502639438156,High
12607456,0.9060502639438156,High
21071161,0.9060502639438156,High
7762752,0.9060502639438156,High
4877640,0.9060502639438156,High
1147937,0.9060502639438156,High
21246785,0.9060502639438156,High
27575367,0.9060502639438156,High
28158830,0.9060502639438156,High
27145258,0.9060502639438156,High
7841323,0.9060502639438156,High
5506418,0.9060502639438156,High
17406723,0.9060502639438156,High
1584703,0.9060502639438156,High
23660829,0.9060502639438156,High
6866850,0.9060502639438156,High
24935130,0.9060502639438156,High
29408980,0.9060502639438156,High
4991832,0.9060502639438156,High
1268921,0.9060502639438156,High
8899852,0.9060502639438156,High
27736567,0.9060502639438156,High
411094,0.9060502639438156,High
14037194,0.9060502639438156,High
4075385,0.9060502639438156,High
7000672,0.9060502639438156,High
17474211,0.9060502639438156,High
16612251,0.9060502639438156,High
17899516,0.9060502639438156,High
9021926,0.9060502639438156,High
11740692,0.9060502639438156,High
30059077,0.9060502639438156,High
18513561,0.9060502639438156,High
29986326,0.9060502639438156,High
10569192,0.9060502639438156,High
19778510,0.9060502639438156,High
1649818,0.9060502639438156,High
5806226,0.9060502639438156,High
12014063,0.9060502639438156,High
12488900,0.9060502639438156,High
15410866,0.9060502639438156,High
18348360,0.9060502639438156,High
538908,0.9060502639438156,High
31291277,0.9060502639438156,High
10549221,0.9060502639438156,High
17235004,0.9060502639438156,High
19523295,0.9060502639438156,High
10629877,0.9060502639438156,High
30386519,0.9060502639438156,High
9117566,0.9060502639438156,High
14435323,0.9060502639438156,High
1940587,0.9060502639438156,High
5634900,0.9060502639438156,High
1202988,0.9060502639438156,High
17001604,0.9060502639438156,High
16255638,0.9060502639438156,High
14387959,0.9060502639438156,High
9592155,0.9060502639438156,High
25122857,0.9060502639438156,High
12886821,0.9060502639438156,High
29199821,0.9060502639438156,High
3204209,0.9060502639438156,High
3022909,0.9060502639438156,High
2549555,0.9060502639438156,High
7139087,0.9060502639438156,High
21119919,0.9060502639438156,High
24785060,0.9060502639438156,High
13476669,0.9060502639438156,High
19937140,0.9060502639438156,High
1158761,0.9060502639438156,High
25596604,0.9060502639438156,High
30048475,0.9060502639438156,High
15591769,0.9060502639438156,High
26951583,0.9060502639438156,High
6418656,0.9060502639438156,High
27742796,0.9060502639438156,High
572252,0.9060502639438156,High
55950,0.9060502639438156,High
26311282,0.9060502639438156,High
20939830,0.9060502639438156,High
31838810,0.9060502639438156,High
25650275,0.9060502639438156,High
22498763,0.9060502639438156,High
31198684,0.9060502639438156,High
22696243,0.9060502639438156,High
16447075,0.9060502639438156,High
6923501,0.9060502639438156,High
18459110,0.9060502639438156,High
4064682,0.9060502639438156,High
13638719,0.9060502639438156,High
20350140,0.9060502639438156,High
28390318,0.9060502639438156,High
28528812,0.9060502639438156,High
4943195,0.9060502639438156,High
9618146,0.9060502639438156,High
15143414,0.9060502639438156,High
1916127,0.9060502639438156,High
16662906,0.9060502639438156,High
18626743,0.9060502639438156,High
27120752,0.9060502639438156,High
12776674,0.9060502639438156,High
22414089,0.9060502639438156,High
20041610,0.9060502639438156,High
4548617,0.9060502639438156,High
13393377,0.9060502639438156,High
6444638,0.9060502639438156,High
21028459,0.9060502639438156,High
27871668,0.9060502639438156,High
13158942,0.9060502639438156,High
22005983,0.9060502639438156,High
20179531,0.9060502639438156,High
29402194,0.9060502639438156,High
5865089,0.9060502639438156,High
16216833,0.9060502639438156,High
10534144,0.9060502639438156,High
30098073,0.9060502639438156,High
15348765,0.9060502639438156,High
10157532,0.9060502639438156,High
25002158,0.9060502639438156,High
27112892,0.9060502639438156,High
25254725,0.9060502639438156,High
13188817,0.9060502639438156,High
649194,0.9060502639438156,High
12834552,0.9060502639438156,High
18153084,0.9060502639438156,High
19346835,0.9060502639438156,High
17131161,0.9060502639438156,High
5547998,0.9060502639438156,High
29436155,0.9060502639438156,High
1729376,0.9060502639438156,High
31536757,0.9060502639438156,High
1285220,0.9060502639438156,High
27628751,0.9060502639438156,High
2722238,0.9060502639438156,High
17417063,0.9060502639438156,High
21522148,0.9060502639438156,High
19219263,0.9060502639438156,High
4147947,0.9060502639438156,High
16371872,0.9060502639438156,High
7771199,0.9060502639438156,High
9067825,0.9060502639438156,High
18030378,0.9060502639438156,High
4022866,0.9060502639438156,High
11283692,0.9060502639438156,High
10821289,0.9060502639438156,High
7321716,0.9060502639438156,High
11452951,0.9060502639438156,High
16972174,0.9060502639438156,High
2283510,0.9060502639438156,High
8881632,0.9060502639438156,High
611247,0.9060502639438156,High
2661565,0.9060502639438156,High
30646426,0.9060502639438156,High
22513889,0.9060502639438156,High
22477399,0.9060502639438156,High
3843100,0.9060502639438156,High
17379219,0.9060502639438156,High
15607713,0.9060502639438156,High
27496315,0.9060502639438156,High
27042094,0.9060502639438156,High
5798007,0.9060502639438156,High
17974439,0.9060502639438156,High
24122269,0.9060502639438156,High
17937809,0.9060502639438156,High
17162047,0.9060502639438156,High
3310510,0.9060502639438156,High
28007895,0.9060502639438156,High
29917608,0.9060502639438156,High
24937880,0.9060502639438156,High
2698750,0.9060502639438156,High
18485578,0.9060502639438156,High
9274604,0.9060502639438156,High
3875785,0.9060502639438156,High
16841520,0.9060502639438156,High
24678656,0.9060502639438156,High
6254811,0.9060502639438156,High
24721876,0.9060502639438156,High
28611952,0.9060502639438156,High
26466317,0.9060502639438156,High
5329637,0.9060502639438156,High
19238201,0.9060502639438156,High
7882413,0.9060502639438156,High
29222748,0.9060502639438156,High
10553066,0.9060502639438156,High
9587200,0.9060502639438156,High
10657709,0.9060502639438156,High
4934667,0.9060502639438156,High
30458251,0.9060502639438156,High
24964369,0.9060502639438156,High
17621073,0.9060502639438156,High
7047467,0.9060502639438156,High
20591737,0.9060502639438156,High
23113543,0.9060502639438156,High
2612467,0.9060502639438156,High
11264480,0.9060502639438156,High
17275444,0.9060502639438156,High
13477576,0.9060502639438156,High
1531467,0.9060502639438156,High
11125927,0.9060502639438156,High
3472557,0.9060502639438156,High
22792355,0.9060502639438156,High
18876346,0.9060502639438156,High
31202146,0.9060502639438156,High
22513937,0.9060502639438156,High
9988887,0.9060502639438156,High
22741745,0.9060502639438156,High
10307411,0.9060502639438156,High
26996473,0.9060502639438156,High
22042676,0.9060502639438156,High
63723,0.9060502639438156,High
10138275,0.9060502639438156,High
15566175,0.9060502639438156,High
6441853,0.9060502639438156,High
12231177,0.9060502639438156,High
20892368,0.9060502639438156,High
31793624,0.9060502639438156,High
9123604,0.9060502639438156,High
3681821,0.9060502639438156,High
18528207,0.9060502639438156,High
4455086,0.9060502639438156,High
3049590,0.9060502639438156,High
1305156,0.9060502639438156,High
21494186,0.9060502639438156,High
27688008,0.9060502639438156,High
25292439,0.9060502639438156,High
21510565,0.9060502639438156,High
3066036,0.9060502639438156,High
23474146,0.9060502639438156,High
32260966,0.9060502639438156,High
19601550,0.9060502639438156,High
13961114,0.9060502639438156,High
25627778,0.9060502639438156,High
13618076,0.9060502639438156,High
26362236,0.9060502639438156,High
3012297,0.9060502639438156,High
31872146,0.9060502639438156,High
12004304,0.9060502639438156,High
6414404,0.9060502639438156,High
1840520,0.9060502639438156,High
1523442,0.9060502639438156,High
22291861,0.9060502639438156,High
28221082,0.9060502639438156,High
25906622,0.9060502639438156,High
30140498,0.9060502639438156,High
14919248,0.9060502639438156,High
9735648,0.9060502639438156,High
23329585,0.9060502639438156,High
9239514,0.9060502639438156,High
36454,0.9060502639438156,High
20718034,0.9060502639438156,High
29543607,0.9060502639438156,High
2174312,0.9060502639438156,High
12919535,0.9060502639438156,High
19844617,0.9060502639438156,High
12701221,0.9060502639438156,High
3035107,0.9060502639438156,High
24831756,0.9060502639438156,High
15262881,0.9060502639438156,High
12046535,0.9060502639438156,High
19407968,0.9060502639438156,High
8694911,0.9060502639438156,High
16901786,0.9060502639438156,High
25461765,0.9060502639438156,High
30621853,0.9060502639438156,High
4866787,0.9060502639438156,High
26472821,0.9060502639438156,High
4174511,0.9060502639438156,High
4688813,0.9060502639438156,High
14163272,0.9060502639438156,High
8344196,0.9060502639438156,High
6838864,0.9060502639438156,High
15184667,0.9060502639438156,High
121038,0.9060502639438156,High
25170657,0.9060502639438156,High
29325552,0.9060502639438156,High
8864060,0.9060502639438156,High
338090,0.9060502639438156,High
14585361,0.9060502639438156,High
20709431,0.9060502639438156,High
7543120,0.9060502639438156,High
3783285,0.9060502639438156,High
16197730,0.9060502639438156,High
24328661,0.9060502639438156,High
21420240,0.9060502639438156,High
4010717,0.9060502639438156,High
10091772,0.9060502639438156,High
24369387,0.9060502639438156,High
17194618,0.9060502639438156,High
11782359,0.9060502639438156,High
19810784,0.9060502639438156,High
30313490,0.9060502639438156,High
17081800,0.9060502639438156,High
22598947,0.9060502639438156,High
4089542,0.9060502639438156,High
364801,0.9060502639438156,High
3109281,0.9060502639438156,High
8772980,0.9060502639438156,High
27458200,0.9060502639438156,High
7633707,0.9060502639438156,High
958852,0.9060502639438156,High
6974331,0.9060502639438156,High
20483032,0.9060502639438156,High
2920272,0.9060502639438156,High
19772896,0.9060502639438156,High
3165628,0.9060502639438156,High
20044767,0.9060502639438156,High
2617063,0.9060502639438156,High
3560938,0.9060502639438156,High
28848797,0.9060502639438156,High
1113148,0.9060502639438156,High
2430215,0.9060502639438156,High
10611552,0.9060502639438156,High
22127107,0.9060502639438156,High
18366470,0.9060502639438156,High
17716612,0.9060502639438156,High
14147077,0.9060502639438156,High
7568773,0.9060502639438156,High
18439307,0.9060502639438156,High
31942767,0.9060502639438156,High
16049893,0.9060502639438156,High
5557173,0.9060502639438156,High
23525308,0.9060502639438156,High
1594095,0.9060502639438156,High
21031233,0.9060502639438156,High
29536373,0.9060502639438156,High
4651020,0.9060502639438156,High
16739352,0.9060502639438156,High
24238951,0.9060502639438156,High
5662887,0.9060502639438156,High
25669283,0.9060502639438156,High
1076710,0.9060502639438156,High
24771441,0.9060502639438156,High
14955651,0.9060502639438156,High
20919765,0.9060502639438156,High
15174373,0.9060502639438156,High
21502817,0.9060502639438156,High
10633581,0.9060502639438156,High
18868608,0.9060502639438156,High
9611206,0.9060502639438156,High
19141275,0.9060502639438156,High
5632069,0.9060502639438156,High
5767104,0.9060502639438156,High
29766913,0.9060502639438156,High
19368270,0.9060502639438156,High
18985016,0.9060502639438156,High
26123368,0.9060502639438156,High
24742527,0.9060502639438156,High
8163977,0.9060502639438156,High
27359081,0.9060502639438156,High
7281228,0.9060502639438156,High
3346309,0.9060502639438156,High
4871367,0.9060502639438156,High
8498104,0.9060502639438156,High
12911002,0.9060502639438156,High
2013390,0.9060502639438156,High
8667474,0.9060502639438156,High
3351159,0.9060502639438156,High
1393680,0.9060502639438156,High
13798401,0.9060502639438156,High
28401668,0.9060502639438156,High
27582673,0.9060502639438156,High
24675756,0.9060502639438156,High
8296766,0.9060502639438156,High
5541060,0.9060502639438156,High
27094327,0.9060502639438156,High
1918521,0.9060502639438156,High
18573702,0.9060502639438156,High
5172826,0.9060502639438156,High
18615839,0.9060502639438156,High
1503429,0.9060502639438156,High
4456838,0.9060502639438156,High
15099960,0.9060502639438156,High
10794810,0.9060502639438156,High
30861110,0.9060502639438156,High
25056658,0.9060502639438156,High
30767684,0.9060502639438156,High
24748519,0.9060502639438156,High
29719203,0.9060502639438156,High
25124059,0.9060502639438156,High
23522976,0.9060502639438156,High
6366119,0.9060502639438156,High
28067242,0.9060502639438156,High
18703128,0.9060502639438156,High
17587655,0.9060502639438156,High
1260558,0.9060502639438156,High
18028484,0.9060502639438156,High
1450365,0.9060502639438156,High
4914898,0.9060502639438156,High
21869946,0.9060502639438156,High
24332721,0.9060502639438156,High
22765157,0.9060502639438156,High
4459016,0.9060502639438156,High
30764454,0.9060502639438156,High
4186940,0.9060502639438156,High
9929654,0.9060502639438156,High
22726218,0.9060502639438156,High
20588513,0.9060502639438156,High
26865062,0.9060502639438156,High
17940806,0.9060502639438156,High
19663768,0.9060502639438156,High
21196642,0.9060502639438156,High
20725344,0.9060502639438156,High
8551231,0.9060502639438156,High
26460109,0.9060502639438156,High
16652982,0.9060502639438156,High
6922483,0.9060502639438156,High
23846946,0.9060502639438156,High
7759474,0.9060502639438156,High
22729130,0.9060502639438156,High
12542922,0.9060502639438156,High
11690837,0.9060502639438156,High
4596046,0.9060502639438156,High
12043678,0.9060502639438156,High
12213393,0.9060502639438156,High
27447341,0.9060502639438156,High
28793513,0.9060502639438156,High
17157065,0.9060502639438156,High
21009182,0.9060502639438156,High
756194,0.9060502639438156,High
25541991,0.9060502639438156,High
30467875,0.9060502639438156,High
12942632,0.9060502639438156,High
6815610,0.9060502639438156,High
25958514,0.9060502639438156,High
25593110,0.9060502639438156,High
30776987,0.9060502639438156,High
17744335,0.9060502639438156,High
14538910,0.9060502639438156,High
24648409,0.9060502639438156,High
12509736,0.9060502639438156,High
10139494,0.9060502639438156,High
13357866,0.9060502639438156,High
7915116,0.9060502639438156,High
21987585,0.9060502639438156,High
1155875,0.9060502639438156,High
10331643,0.9060502639438156,High
8775405,0.9060502639438156,High
29822504,0.9060502639438156,High
467077,0.9060502639438156,High
16104145,0.9060502639438156,High
16045977,0.9060502639438156,High
25357816,0.9060502639438156,High
11709081,0.9060502639438156,High
31143457,0.9060502639438156,High
4234483,0.9060502639438156,High
27548390,0.9060502639438156,High
19037259,0.9060502639438156,High
19226038,0.9060502639438156,High
2941605,0.9060502639438156,High
6995755,0.9060502639438156,High
30201784,0.9060502639438156,High
16755210,0.9060502639438156,High
23372351,0.9060502639438156,High
13286422,0.9060502639438156,High
13885270,0.9060502639438156,High
24439228,0.9060502639438156,High
24268608,0.9060502639438156,High
7408480,0.9060502639438156,High
31322300,0.9060502639438156,High
7452191,0.9060502639438156,High
27718472,0.9060502639438156,High
25675786,0.9060502639438156,High
22616945,0.9060502639438156,High
27176780,0.9060502639438156,High
380766,0.9060502639438156,High
5698826,0.9060502639438156,High
26209160,0.9060502639438156,High
8400145,0.9060502639438156,High
4605869,0.9060502639438156,High
26590733,0.9060502639438156,High
31125605,0.9060502639438156,High
21725616,0.9060502639438156,High
3694599,0.9060502639438156,High
17976594,0.9060502639438156,High
2872072,0.9060502639438156,High
14685785,0.9060502639438156,High
12730637,0.9060502639438156,High
14759113,0.9060502639438156,High
11614096,0.9060502639438156,High
29338793,0.9060502639438156,High
12307949,0.9060502639438156,High
1523287,0.9060502639438156,High
21268119,0.9060502639438156,High
32094765,0.9060502639438156,High
24907914,0.9060502639438156,High
21374501,0.9060502639438156,High
21768570,0.9060502639438156,High
29850721,0.9060502639438156,High
18689745,0.9060502639438156,High
8314203,0.9060502639438156,High
32281251,0.9060502639438156,High
25670058,0.9060502639438156,High
3434993,0.9060502639438156,High
14458054,0.9060502639438156,High
14236257,0.9060502639438156,High
11389565,0.9060502639438156,High
136345,0.9060502639438156,High
14090628,0.9060502639438156,High
3342344,0.9060502639438156,High
7337892,0.9060502639438156,High
10877357,0.9060502639438156,High
25313908,0.9060502639438156,High
521437,0.9060502639438156,High
2565653,0.9060502639438156,High
8603094,0.9060502639438156,High
31473159,0.9060502639438156,High
23442812,0.9060502639438156,High
15434537,0.9060502639438156,High
28848140,0.9060502639438156,High
568874,0.9060502639438156,High
7554478,0.9060502639438156,High
23753148,0.9060502639438156,High
23268561,0.9060502639438156,High
10802857,0.9060502639438156,High
18661327,0.9060502639438156,High
27348949,0.9060502639438156,High
26124618,0.9060502639438156,High
20154437,0.9060502639438156,High
22640090,0.9060502639438156,High
6434857,0.9060502639438156,High
3757969,0.9060502639438156,High
24848644,0.9060502639438156,High
9826337,0.9060502639438156,High
19667305,0.9060502639438156,High
1183739,0.9060502639438156,High
10518051,0.9060502639438156,High
805962,0.9060502639438156,High
10980971,0.9060502639438156,High
31609010,0.9060502639438156,High
5933804,0.9060502639438156,High
6943467,0.9060502639438156,High
12020773,0.9060502639438156,High
24202784,0.9060502639438156,High
11556042,0.9060502639438156,High
23296589,0.9060502639438156,High
4587586,0.9060502639438156,High
449835,0.9060502639438156,High
15161895,0.9060502639438156,High
7026918,0.9060502639438156,High
13851536,0.9060502639438156,High
29998629,0.9060502639438156,High
28041535,0.9060502639438156,High
12498651,0.9060502639438156,High
32131329,0.9060502639438156,High
20729971,0.9060502639438156,High
15369456,0.9060502639438156,High
7940602,0.9060502639438156,High
20070348,0.9060502639438156,High
30564584,0.9060502639438156,High
27172766,0.9060502639438156,High
10566034,0.9060502639438156,High
1937228,0.9060502639438156,High
15457271,0.9060502639438156,High
24849939,0.9060502639438156,High
1079190,0.9060502639438156,High
1714980,0.9060502639438156,High
3549915,0.9060502639438156,High
24660963,0.9060502639438156,High
13726617,0.9060502639438156,High
6477824,0.9060502639438156,High
12465349,0.9060502639438156,High
18257191,0.9060502639438156,High
221625,0.9060502639438156,High
23768582,0.9060502639438156,High
7422275,0.9060502639438156,High
7081074,0.9060502639438156,High
14061542,0.9060502639438156,High
6023473,0.9060502639438156,High
2242788,0.9060502639438156,High
23540597,0.9060502639438156,High
29185324,0.9060502639438156,High
7976768,0.9060502639438156,High
25863078,0.9060502639438156,High
9374888,0.9060502639438156,High
26919750,0.9060502639438156,High
8814202,0.9060502639438156,High
7883417,0.9060502639438156,High
8962492,0.9060502639438156,High
2034918,0.9060502639438156,High
9147688,0.9060502639438156,High
4950016,0.9060502639438156,High
14763792,0.9060502639438156,High
14153689,0.9060502639438156,High
2703643,0.9060502639438156,High
16884283,0.9060502639438156,High
2765701,0.9060502639438156,High
26843762,0.9060502639438156,High
13175716,0.9060502639438156,High
28583891,0.9060502639438156,High
15837882,0.9060502639438156,High
12273322,0.9060502639438156,High
17645343,0.9060502639438156,High
6309078,0.9060502639438156,High
2962320,0.9060502639438156,High
4579890,0.9060502639438156,High
12778129,0.9060502639438156,High
9181753,0.9060502639438156,High
16169972,0.9060502639438156,High
21939716,0.9060502639438156,High
17474272,0.9060502639438156,High
30447209,0.9060502639438156,High
260701,0.9060502639438156,High
22691987,0.9060502639438156,High
23113399,0.9060502639438156,High
591752,0.9060502639438156,High
20499146,0.9060502639438156,High
30318151,0.9060502639438156,High
27533793,0.9060502639438156,High
26092402,0.9060502639438156,High
4363388,0.9060502639438156,High
28076290,0.9060502639438156,High
26374834,0.9060502639438156,High
7948142,0.9060502639438156,High
32004013,0.9060502639438156,High
31568128,0.9060502639438156,High
20683696,0.9060502639438156,High
23982302,0.9060502639438156,High
26437533,0.9060502639438156,High
6410074,0.9060502639438156,High
23314494,0.9060502639438156,High
1703727,0.9060502639438156,High
5624269,0.9060502639438156,High
5218793,0.9060502639438156,High
31274531,0.9060502639438156,High
3072373,0.9060502639438156,High
13413580,0.9060502639438156,High
15694023,0.9060502639438156,High
32219307,0.9060502639438156,High
28803705,0.9060502639438156,High
13176978,0.9060502639438156,High
27141320,0.9060502639438156,High
3471924,0.9060502639438156,High
25292522,0.9060502639438156,High
24428196,0.9060502639438156,High
13253314,0.9060502639438156,High
20272866,0.9060502639438156,High
27980688,0.9060502639438156,High
24185409,0.9060502639438156,High
29121351,0.9060502639438156,High
14259712,0.9060502639438156,High
1325513,0.9060502639438156,High
24436873,0.9060502639438156,High
14979186,0.9060502639438156,High
5642472,0.9060502639438156,High
573904,0.9060502639438156,High
512404,0.9060502639438156,High
31619581,0.9060502639438156,High
4065973,0.9060502639438156,High
8693934,0.9060502639438156,High
25825721,0.9060502639438156,High
28985747,0.9060502639438156,High
16663695,0.9060502639438156,High
16963787,0.9060502639438156,High
19187542,0.9060502639438156,High
15853868,0.9060502639438156,High
8041768,0.9060502639438156,High
22211586,0.9060502639438156,High
22142491,0.9060502639438156,High
20150652,0.9060502639438156,High
22154381,0.9060502639438156,High
14616056,0.9060502639438156,High
23159854,0.9060502639438156,High
27383255,0.9060502639438156,High
5721321,0.9060502639438156,High
8224064,0.9060502639438156,High
31149485,0.9060502639438156,High
21026823,0.9060502639438156,High
4047993,0.9060502639438156,High
23793416,0.9060502639438156,High
24494720,0.9060502639438156,High
12910866,0.9060502639438156,High
5208703,0.9060502639438156,High
7311571,0.9060502639438156,High
12490895,0.9060502639438156,High
23568186,0.9060502639438156,High
2039955,0.9060502639438156,High
22187998,0.9060502639438156,High
17573900,0.9060502639438156,High
28251635,0.9060502639438156,High
12075178,0.9060502639438156,High
16539700,0.9060502639438156,High
9091535,0.9060502639438156,High
6809334,0.9060502639438156,High
5829991,0.9060502639438156,High
6014692,0.9060502639438156,High
13729019,0.9060502639438156,High
24766203,0.9060502639438156,High
27386744,0.9060502639438156,High
18683439,0.9060502639438156,High
14747895,0.9060502639438156,High
10760849,0.9060502639438156,High
18716985,0.9060502639438156,High
25155,0.9060502639438156,High
10653988,0.9060502639438156,High
5138016,0.9060502639438156,High
21395466,0.9060502639438156,High
5655873,0.9060502639438156,High
4977311,0.9060502639438156,High
30598588,0.9060502639438156,High
17793216,0.9060502639438156,High
28472686,0.9060502639438156,High
13380851,0.9060502639438156,High
5322604,0.9060502639438156,High
20498858,0.9060502639438156,High
20898342,0.9060502639438156,High
6421776,0.9060502639438156,High
27766974,0.9060502639438156,High
1883342,0.9060502639438156,High
25759830,0.9060502639438156,High
22053714,0.9060502639438156,High
31518525,0.9060502639438156,High
12242618,0.9060502639438156,High
9389227,0.9060502639438156,High
15412445,0.9060502639438156,High
492654,0.9060502639438156,High
22508439,0.9060502639438156,High
2618504,0.9060502639438156,High
29183205,0.9060502639438156,High
5156431,0.9060502639438156,High
20460491,0.9060502639438156,High
13576931,0.9060502639438156,High
9281629,0.9060502639438156,High
19902897,0.9060502639438156,High
1304934,0.9060502639438156,High
14314090,0.9060502639438156,High
15261405,0.9060502639438156,High
23015221,0.9060502639438156,High
32045717,0.9060502639438156,High
22111850,0.9060502639438156,High
7034311,0.9060502639438156,High
6928516,0.9060502639438156,High
20611191,0.9060502639438156,High
27165359,0.9060502639438156,High
24627144,0.9060502639438156,High
32172390,0.9060502639438156,High
24817458,0.9060502639438156,High
18140686,0.9060502639438156,High
30393234,0.9060502639438156,High
3778011,0.9060502639438156,High
20830580,0.9060502639438156,High
6269525,0.9060502639438156,High
1504528,0.9060502639438156,High
18145811,0.9060502639438156,High
5165177,0.9060502639438156,High
26309269,0.9060502639438156,High
30657794,0.9060502639438156,High
14812022,0.9060502639438156,High
13283502,0.9060502639438156,High
18971949,0.9060502639438156,High
5387625,0.9060502639438156,High
20720159,0.9060502639438156,High
11051912,0.9060502639438156,High
20193183,0.9060502639438156,High
20764074,0.9060502639438156,High
31420582,0.9060502639438156,High
6412440,0.9060502639438156,High
16722237,0.9060502639438156,High
30836338,0.9060502639438156,High
24063258,0.9060502639438156,High
25143917,0.9060502639438156,High
1834579,0.9060502639438156,High
13089244,0.9060502639438156,High
8959830,0.9060502639438156,High
1163053,0.9060502639438156,High
10321775,0.9060502639438156,High
20631453,0.9060502639438156,High
28828620,0.9060502639438156,High
10641425,0.9060502639438156,High
11049543,0.9060502639438156,High
14742998,0.9060502639438156,High
13356397,0.9060502639438156,High
11908127,0.9060502639438156,High
13606214,0.9060502639438156,High
3878759,0.9060502639438156,High
11346207,0.9060502639438156,High
5343513,0.9060502639438156,High
31386565,0.9060502639438156,High
28461184,0.9060502639438156,High
9347392,0.9060502639438156,High
30924247,0.9060502639438156,High
26237630,0.9060502639438156,High
18993806,0.9060502639438156,High
24289420,0.9060502639438156,High
723973,0.9060502639438156,High
31480291,0.9060502639438156,High
14756782,0.9060502639438156,High
26812919,0.9060502639438156,High
24385058,0.9060502639438156,High
25949513,0.9060502639438156,High
13423279,0.9060502639438156,High
7440125,0.9060502639438156,High
3518286,0.9060502639438156,High
30017537,0.9060502639438156,High
3616087,0.9060502639438156,High
25905394,0.9060502639438156,High
11512507,0.9060502639438156,High
18277028,0.9060502639438156,High
14318444,0.9060502639438156,High
10215559,0.9060502639438156,High
26500603,0.9060502639438156,High
4101014,0.9060502639438156,High
14339012,0.9060502639438156,High
20355634,0.9060502639438156,High
17840548,0.9060502639438156,High
23270412,0.9060502639438156,High
32087593,0.9060502639438156,High
8082947,0.9060502639438156,High
21926523,0.9060502639438156,High
17770809,0.9060502639438156,High
15479022,0.9060502639438156,High
9351108,0.9060502639438156,High
20686344,0.9060502639438156,High
18444393,0.9060502639438156,High
29341672,0.9060502639438156,High
17576249,0.9060502639438156,High
27872232,0.9060502639438156,High
5973084,0.9060502639438156,High
31254177,0.9060502639438156,High
3521403,0.9060502639438156,High
26607454,0.9060502639438156,High
21988481,0.9060502639438156,High
7924043,0.9060502639438156,High
3042411,0.9060502639438156,High
12454769,0.9060502639438156,High
28710415,0.9060502639438156,High
24138241,0.9060502639438156,High
18952101,0.9060502639438156,High
14621882,0.9060502639438156,High
21204927,0.9060502639438156,High
13614810,0.9060502639438156,High
3612655,0.9060502639438156,High
6729606,0.9060502639438156,High
13815508,0.9060502639438156,High
21185488,0.9060502639438156,High
6190638,0.9060502639438156,High
11853478,0.9060502639438156,High
21801763,0.9060502639438156,High
29989121,0.9060502639438156,High
1242866,0.9060502639438156,High
27809384,0.9060502639438156,High
6913296,0.9060502639438156,High
22179656,0.9060502639438156,High
28088426,0.9060502639438156,High
30016191,0.9060502639438156,High
12424347,0.9060502639438156,High
14920101,0.9060502639438156,High
14783555,0.9060502639438156,High
19854090,0.9060502639438156,High
24058685,0.9060502639438156,High
24925305,0.9060502639438156,High
19478323,0.9060502639438156,High
3317381,0.9060502639438156,High
30191274,0.9060502639438156,High
29642409,0.9060502639438156,High
10921300,0.9060502639438156,High
16621483,0.9060502639438156,High
4699860,0.9060502639438156,High
4909987,0.9060502639438156,High
25782139,0.9060502639438156,High
9462654,0.9060502639438156,High
9660759,0.9060502639438156,High
29619890,0.9060502639438156,High
30342891,0.9060502639438156,High
7518955,0.9060502639438156,High
13153425,0.9060502639438156,High
9178754,0.9060502639438156,High
3770077,0.9060502639438156,High
24128964,0.9060502639438156,High
23101788,0.9060502639438156,High
18664963,0.9060502639438156,High
11322144,0.9060502639438156,High
243982,0.9060502639438156,High
22526377,0.9060502639438156,High
19726396,0.9060502639438156,High
5660295,0.9060502639438156,High
6343006,0.9060502639438156,High
32210100,0.9060502639438156,High
14432393,0.9060502639438156,High
20434375,0.9060502639438156,High
18343636,0.9060502639438156,High
29371535,0.9060502639438156,High
1991906,0.9060502639438156,High
27362976,0.9060502639438156,High
16205525,0.9060502639438156,High
8436439,0.9060502639438156,High
16820458,0.9060502639438156,High
19639518,0.9060502639438156,High
31791184,0.9060502639438156,High
12574916,0.9060502639438156,High
31505841,0.9060502639438156,High
48007,0.9060502639438156,High
22078415,0.9060502639438156,High
25452788,0.9060502639438156,High
14703169,0.9060502639438156,High
12000578,0.9060502639438156,High
22607159,0.9060502639438156,High
23690400,0.9060502639438156,High
23224355,0.9060502639438156,High
3065013,0.9060502639438156,High
21389969,0.9060502639438156,High
16935002,0.9060502639438156,High
16590977,0.9060502639438156,High
29850915,0.9060502639438156,High
26183592,0.9060502639438156,High
17973505,0.9060502639438156,High
28498194,0.9060502639438156,High
1179322,0.9060502639438156,High
9618800,0.9060502639438156,High
22602706,0.9060502639438156,High
27016970,0.9060502639438156,High
6699454,0.9060502639438156,High
26534512,0.9060502639438156,High
21321436,0.9060502639438156,High
13583622,0.9060502639438156,High
29548812,0.9060502639438156,High
5444501,0.9060502639438156,High
29936334,0.9060502639438156,High
7114266,0.9060502639438156,High
27871666,0.9060502639438156,High
24601770,0.9060502639438156,High
13501870,0.9060502639438156,High
20674400,0.9060502639438156,High
11539077,0.9060502639438156,High
31063471,0.9060502639438156,High
19331005,0.9060502639438156,High
13273471,0.9060502639438156,High
26077662,0.9060502639438156,High
10476217,0.9060502639438156,High
15665092,0.9060502639438156,High
6928698,0.9060502639438156,High
31738619,0.9060502639438156,High
29867695,0.9060502639438156,High
8521932,0.9060502639438156,High
28834884,0.9060502639438156,High
26758542,0.9060502639438156,High
18724785,0.9060502639438156,High
20536340,0.9060502639438156,High
2640270,0.9060502639438156,High
10112675,0.9060502639438156,High
30700270,0.9060502639438156,High
22077624,0.9060502639438156,High
24510909,0.9060502639438156,High
12622299,0.9060502639438156,High
24462410,0.9060502639438156,High
21183979,0.9060502639438156,High
6362372,0.9060502639438156,High
12821659,0.9060502639438156,High
1092734,0.9060502639438156,High
2294752,0.9060502639438156,High
6570652,0.9060502639438156,High
7984259,0.9060502639438156,High
14088053,0.9060502639438156,High
