label,count
DDoS-ICMP_Flood,7200504
DDoS-UDP_Flood,5412287
DDoS-TCP_Flood,4497667
DDoS-PSHACK_Flood,4094755
DDoS-SYN_Flood,4059190
DDoS-RSTFINFlood,4045285
DDoS-SynonymousIP_Flood,3598138
DoS-UDP_Flood,3318595
DoS-TCP_Flood,2671445
DoS-SYN_Flood,2028834
BenignTraffic,1098195
Mirai-greeth_flood,991866
Mirai-udpplain,890576
Mirai-greip_flood,751682
DDoS-ICMP_Fragmentation,452489
MITM-ArpSpoofing,307593
DDoS-UDP_Fragmentation,286925
DDoS-ACK_Fragmentation,285104
DNS_Spoofing,178911
Recon-HostDiscovery,134378
Recon-OSScan,98259
Recon-PortScan,82284
DoS-HTTP_Flood,71864
VulnerabilityScan,37382
DDoS-HTTP_Flood,28790
DDoS-SlowLoris,23426
DictionaryBruteForce,13064
BrowserHijacking,5859
CommandInjection,5409
SqlInjection,5245
XSS,3846
Backdoor_Malware,3218
Recon-PingSweep,2262
Uploading_Attack,1252
